Name, Number of EQC, Average Size of EQC, Average Number of Edges, TMH, Comp
AC-2013-0,75924.0,93.64898,1.0,37962.312,1.0
AC-2013-1,72297.0,89.132935,1.0,36148.812,1.0
AC-2013-2,59612.0,109.89143,1.0,29806.312,1.0
AC-2013-3,76672.0,85.69474,1.0,38336.11,1.0
null,0.0,NaN,NaN,0.0,0.0
null,0.0,NaN,NaN,0.0,0.0
AC-2013-6,59396.0,107.841576,1.0,29698.297,1.0
AC-2013-7,72167.0,96.3512,1.0,36083.83,1.0
AC-2013-8,73736.0,94.11926,1.0,36868.203,1.0
