Name, Name 2nd, JaccardVertex, JaccardEdge, GED, KLD
AC-2013-0,AC-2013-1,0.37777585,0.37777585,201810.0,0.59309626
AC-2013-1,AC-2013-2,0.5850014,0.5850014,220054.0,0.5543783
AC-2013-2,AC-2013-3,0.5407784,0.5407784,237633.0,0.37354186
AC-2013-3,null,1.0,1.0,230017.0,0.0
null,null,NaN,NaN,0.0,0.0
null,AC-2013-6,1.0,1.0,178189.0,0.0
AC-2013-6,AC-2013-7,0.47916353,0.47916353,212896.0,0.23514988
AC-2013-7,AC-2013-8,0.380565,0.380565,199687.0,0.10800415
